identifier,based,affiliation,campus,gender,race,discipline,job_role
B0001,South Africa,University of KwaZulu-Natal,Pietermaritzburg,male,Black,Natural Sciences,Postgraduate student
B0002,South Africa,University of Cape Town,Lower,male,Coloured,IT,Support staff
B0003,South Africa,North-West University,Mahikeng,female,Black,Natural Sciences,Postgraduate student
B0004,South Africa,North-West University,Potchefstroom,male,White,Applied Sciences,Postgraduate student
B0005,South Africa,North-West University,Mahikeng,female,Black,Natural Sciences,Postgraduate student
B0006,South Africa,University of KwaZulu-Natal,Westville,male,Black,Unknown,Postgraduate student
B0007,South Africa,North-West University,Potchefstroom,female,White,IT,Support staff
B0008,South Africa,University of the Western Cape,Bellville,male,Black,Natural Sciences,Postgraduate student
B0009,South Africa,University of Cape Town,Upper,Unknown,Unknown,Formal Sciences,Research staff
B0010,South Africa,Stellenbosch University,Business School,Unknown,Unknown,Unknown,Unknown
B0011,South Africa,Two Oceans Graduate Institute,Cape Town,female,White,Humanities,Faculty
B0012,South Africa,Rhodes University,Grahamstown,female,Undisclosed,Applied Sciences,Postgraduate student
B0013,South Africa,Digidata,Johannesburg,Unknown,Unknown,Unknown,Industry
B0014,South Africa,Sol Plaatje University,Kimberley,male,Black,Natural Sciences,Faculty
B0015,Uganda,Ubuntunet Alliance,Uganda,Unknown,Unknown,IT,Support staff
B0016,South Africa,Mangosuthu University of Technology,Umlazi,male,Black,Formal Sciences,Faculty
B0017,South Africa,University of the Western Cape,Bellville,Unknown,Unknown,Unknown,Unknown
B0018,Italy,Consiglio Nazionale delle Ricerche,Italy,female,White,Applied Sciences,Support staff
B0019,South Africa,University of Limpopo,Turfloop,male,Black,IT,Support staff
B0020,South Africa,University of Venda,Thohoyandou,male,Black,Applied Sciences,Research staff
B0021,South Africa,University of Venda,Thohoyandou,male,Black,Libraries,Support staff
B0022,South Africa,Cape Peninsula University of Technology,Bellville,male,Coloured,IT,Support staff
B0023,South Africa,University of Johannesburg,Auckland Park,female,White,IT,Support staff
B0024,South Africa,Durban University of Technology,Ritson,female,Black,Formal Sciences,Postgraduate student
B0025,South Africa,Durban University of Technology,Durban,Unknown,Unknown,Unknown,Unknown
B0026,South Africa,University of the Free State,Bloemfontein,female,White,Natural Sciences,Postgraduate student
B0027,South Africa,University of the Western Cape,Bellville,female,Indian,Natural Sciences,Postgraduate student
B0028,South Africa,University of KwaZulu-Natal,Westville,Unknown,Unknown,Unknown,Unknown
B0029,South Africa,Stellenbosch University,Stellenbosch,female,White,Natural Sciences,Post-doctoral research fellow
B0030,South Africa,SADiLaR,Potchefstroom,female,Black,Humanities,Research staff
B0031,South Africa,Exegetic Analytics,Durban,Unknown,Unknown,Industry,Industry
B0032,South Africa,NRF-SAIAB,Grahamstown,male,White,IT,Support staff
B0033,South Africa,University of Limpopo,Turfloop,male,White,Humanities,Research staff
B0034,South Africa,University of Pretoria,Hatfield,male,Unknown,Natural Sciences,Postgraduate student
B0035,South Africa,Talarify,Talarify,female,White,Industry,Industry
B0036,South Africa,University of Venda,Thohoyandou,male,Black,Natural Sciences,Postgraduate student
B0037,South Africa,North-West University,Vaal Triangle,female,White,Social Sciences,Post-doctoral research fellow
B0038,South Africa,Durban University of Technology,Durban,Unknown,Unknown,Unknown,Unknown
B0039,South Africa,North-West University,Potchefstroom,female,White,Social Sciences,Faculty
B0040,South Africa,University of Cape Town,Upper,Unknown,Unknown,Unknown,Postgraduate student
B0041,South Africa,Sefako Makgatho University,Ga-Rankuwa,female,Black,Applied Sciences,Postgraduate student
B0042,South Africa,University of the Free State,Bloemfontein,female,White,Libraries,Support staff
B0043,Gambia,Network Startup Resource Center,The Gambia,Unknown,Unknown,IT,Support staff
B0044,South Africa,Sefako Makgatho University,Ga-Rankuwa,female,Black,Natural Sciences,Postgraduate student
B0045,South Africa,University of Cape Town,Upper,female,White,Applied Sciences,Post-doctoral research fellow
B0046,South Africa,North-West University,Potchefstroom,female,White,Unknown,Unknown
B0047,South Africa,Sol Plaatje University,Kimberley,male,Black,Formal Sciences,Undergraduate student
B0048,South Africa,University of Venda,Thohoyandou,female,Black,Natural Sciences,Postgraduate student
B0049,South Africa,North-West University,Potchefstroom,female,White,Applied Sciences,Faculty
B0050,South Africa,Durban University of Technology,Durban,Unknown,Unknown,Unknown,Unknown
B0051,South Africa,Durban University of Technology,Ritson,male,Indian,Formal Sciences,Undergraduate student
B0052,South Africa,University of Zululand,KwaDlangezwa,Unknown,Black,Libraries,Support staff
B0053,South Africa,University of Zululand,KwaDlangezwa,Undisclosed,Indian,Social Sciences,Faculty
B0054,South Africa,Durban University of Technology,Ritson,male,Indian,Formal Sciences,Undergraduate student
B0055,South Africa,Durban University of Technology,Ritson,female,Black,Formal Sciences,Undergraduate student
B0056,South Africa,Tertiary Education and Research Network of South Africa,Wynberg,Unknown,Unknown,IT,Support staff
B0057,South Africa,Walter Sisulu University,Mthatha,female,Black,Libraries,Support staff
B0058,South Africa,Sefako Makgatho University,Ga-Rankuwa,female,Black,Applied Sciences,Postgraduate student
B0059,South Africa,North-West University,Mahikeng,male,Black,Natural Sciences,Postgraduate student
B0060,South Africa,University of Fort Hare,Alice,male,Black,Natural Sciences,Post-doctoral research fellow
B0061,South Africa,University of Cape Town,Health Sciences,Unknown,Unknown,Unknown,Research staff
B0062,South Africa,University of Fort Hare,Alice,female,Black,Research Office,Support staff
B0063,South Africa,North-West University,Mahikeng,male,Black,Natural Sciences,Postgraduate student
B0064,South Africa,University of Venda,Thohoyandou,male,Black,Natural Sciences,Postgraduate student
B0065,South Africa,Durban University of Technology,Ritson,female,Black,Applied Sciences,Postgraduate student
B0066,South Africa,Tertiary Education and Research Network of South Africa,Wynberg,male,Black,IT,Support staff
B0067,South Africa,Sol Plaatje University,Kimberley,male,Black,Formal Sciences,Undergraduate student
B0068,South Africa,University of Fort Hare,Alice,female,Black,Libraries,Support staff
B0069,South Africa,Walter Sisulu University,Buffalo City,Unknown,Unknown,Unknown,Unknown
B0070,South Africa,North-West University,Mahikeng,female,Black,Applied Sciences,Postgraduate student
B0071,South Africa,North-West University,Mahikeng,male,Black,Natural Sciences,Postgraduate student
B0072,South Africa,Mangosuthu University of Technology,Umlazi,male,Black,Formal Sciences,Faculty
B0073,South Africa,Walter Sisulu University,Buffalo City,Unknown,Unknown,Unknown,Unknown
B0074,South Africa,Sefako Makgatho University,Ga-Rankuwa,Unknown,Unknown,IT,Support staff
B0075,South Africa,Durban University of Technology,Durban,Unknown,Unknown,Unknown,Unknown
B0076,South Africa,North-West University,Potchefstroom,female,White,Applied Sciences,Post-doctoral research fellow
B0077,South Africa,University of Cape Town,Upper,Unknown,Unknown,Unknown,Research staff
B0078,South Africa,Walter Sisulu University,Buffalo City,Unknown,Unknown,Unknown,Unknown
B0079,South Africa,University of Venda,Thohoyandou,male,Black,Natural Sciences,Postgraduate student
B0080,South Africa,Durban University of Technology,ML Sultan,female,Black,Social Sciences,Postgraduate student
B0081,South Africa,Durban University of Technology,Ritson,male,Black,Applied Sciences,Faculty
B0082,South Africa,North-West University,Mahikeng,female,Black,Natural Sciences,Postgraduate student
B0083,South Africa,University of the Witwatersrand,East Campus,female,Black,IT,Support staff
B0084,South Africa,Sefako Makgatho University,Ga-Rankuwa,female,Black,Applied Sciences,Support staff
B0085,South Africa,Durban University of Technology,Ritson,male,Black,Formal Sciences,Postgraduate student
B0086,South Africa,Sefako Makgatho University,Ga-Rankuwa,Unknown,Unknown,IT,Support staff
B0087,South Africa,Durban University of Technology,Durban,female,Black,Formal Sciences,Postgraduate student
B0088,South Africa,University of Zululand,KwaDlangezwa,Unknown,Black,Libraries,Support staff
B0089,South Africa,University of Fort Hare,Alice,Unknown,Unknown,Formal Sciences,Postgraduate student
B0090,South Africa,University of Venda,Thohoyandou,male,Black,Natural Sciences,Postgraduate student
B0091,South Africa,University of Mpumalanga,Mbombela,female,Black,Natural Sciences,Support staff
B0092,South Africa,Sefako Makgatho University,Ga-Rankuwa,female,Black,Applied Sciences,Postgraduate student
B0093,South Africa,Walter Sisulu University,Buffalo City,male,Coloured,Applied Sciences,Faculty
B0094,South Africa,Durban University of Technology,Durban,Unknown,Unknown,Unknown,Unknown
B0095,South Africa,Durban University of Technology,Steve Biko,male,Coloured,IT,Support staff
B0096,South Africa,University of Cape Town,Upper,Unknown,Unknown,Unknown,Research staff
B0097,South Africa,North-West University,Mahikeng,female,Black,Natural Sciences,Post-doctoral research fellow
B0098,South Africa,Sefako Makgatho University,Ga-Rankuwa,female,Black,Libraries,Support staff
B0099,South Africa,University of Zululand,KwaDlangezwa,Unknown,Black,Natural Sciences,Unknown
B0100,South Africa,University of Mpumalanga,Mbombela,female,Black,Social Sciences,Support staff
B0101,South Africa,Durban University of Technology,Ritson,female,Black,Formal Sciences,Postgraduate student
B0102,South Africa,Stellenbosch University,Stellenbosch,male,Coloured,Social Sciences,Postgraduate student
B0103,South Africa,University of Pretoria,Hatfield,female,White,Libraries,Support staff
B0104,Denmark,University of Copenhagen,Copenhagen,Unknown,Unknown,Unknown,Unknown
B0105,South Africa,University of the Free State,Bloemfontein,female,White,Libraries,Support staff
B0106,South Africa,North-West University,Mahikeng,female,Black,Natural Sciences,Post-doctoral research fellow
B0107,Uganda,Research and Education Network - Uganda,Kampala,Unknown,Unknown,IT,Support staff
B0108,South Africa,University of Zululand,KwaDlangezwa,female,White,Social Sciences,Faculty
B0109,South Africa,University of the Witwatersrand,West Campus,female,White,Formal Sciences,Support staff
B0110,South Africa,University of the Witwatersrand,West Campus,female,White,Applied Sciences,Support staff
B0111,South Africa,Central University of Technology,Bloemfontein,male,White,IT,Faculty
B0112,South Africa,University of Venda,Thohoyandou,male,Black,Natural Sciences,Faculty
B0113,South Africa,Sefako Makgatho University,Ga-Rankuwa,female,Coloured,University Administration,Research staff
B0114,South Africa,University of Pretoria,Hatfield,male,White,IT,Support staff
B0115,South Africa,North-West University,Potchefstroom,male,Black,Undisclosed,Postgraduate student
B0116,UK,Altmetric,London,Unknown,Unknown,Industry,Industry
B0117,South Africa,University of Cape Town,Upper,female,White,Social Sciences,Support staff
B0118,South Africa,DIRISA,Pretoria,male,Indian,IT,Support staff
B0119,South Africa,University of Johannesburg,Auckland Park,female,White,IT,Support staff
B0120,South Africa,University of Fort Hare,Alice,female,Black,Applied Sciences,Postgraduate student
B0121,South Africa,University of Fort Hare,Alice,male,Black,Natural Sciences,Postgraduate student
B0122,South Africa,Durban University of Technology,ML Sultan,female,Black,Social Sciences,Post-doctoral research fellow
B0123,South Africa,University of the Western Cape,Bellville,Unknown,Unknown,Unknown,Unknown
B0124,Nigeria,University of Nigeria,Nigeria,Unknown,Unknown,Unknown,Unknown
B0125,South Africa,North-West University,Mahikeng,male,Black,Natural Sciences,Post-doctoral research fellow
B0126,South Africa,University of Mpumalanga,Mbombela,male,Black,Humanities,Faculty
B0127,South Africa,University of Pretoria,Hatfield,male,Undisclosed,IT,Support staff
B0128,South Africa,Walter Sisulu University,Buffalo City,male,Black,Libraries,Faculty
B0129,South Africa,University of Fort Hare,East London,male,Black,Research Office,Research staff
B0130,South Africa,North-West University,Potchefstroom,female,White,IT,Support staff
B0131,South Africa,Tshwane University of Technology,Soshanguve,male,Black,Formal Sciences,Research staff
B0132,South Africa,University of the Western Cape,Bellville,Unknown,Unknown,Unknown,Unknown
B0133,South Africa,Durban University of Technology,Ritson,female,Indian,Formal Sciences,Undergraduate student
B0134,South Africa,University of Venda,Thohoyandou,male,Black,Formal Sciences,Faculty
B0135,South Africa,North-West University,Potchefstroom,female,White,Applied Sciences,Faculty
B0136,South Africa,University of the Free State,Bloemfontein,female,White,Libraries,Support staff
B0137,South Africa,Stellenbosch University,Stellenbosch,Unknown,Unknown,Unknown,Unknown
B0138,South Africa,South African Medical Research Council,Parow,male,Coloured,IT,Support staff
B0139,Ethiopia,Addis Ababa University,Addis Ababa,Unknown,Unknown,Formal Sciences,Faculty
B0140,South Africa,University of Venda,Thohoyandou,female,Black,Social Sciences,Postgraduate student
B0141,South Africa,University of Mpumalanga,Mbombela,male,Black,University Administration,Support staff
B0142,USA,Network Startup Resource Center,USA,Unknown,Unknown,Industry,Industry
B0143,South Africa,University of KwaZulu-Natal,Westville,male,Black,Applied Sciences,Postgraduate student
B0144,South Africa,University of Zululand,KwaDlangezwa,female,White,Research Office,Support staff
B0145,Canada,Memorial University of New Foundland,New Foundland,Unknown,Unknown,Natural Sciences,Postgraduate student
B0146,South Africa,University of Fort Hare,Alice,Unknown,Unknown,Formal Sciences,Postgraduate student
B0147,South Africa,Rhodes University,Grahamstown,male,Black,Natural Sciences,Postgraduate student
B0148,South Africa,University of Fort Hare,Alice,Unknown,Unknown,Formal Sciences,Unknown
B0149,South Africa,Sefako Makgatho University,Ga-Rankuwa,male,Black,University Administration,Support staff
B0150,South Africa,Durban University of Technology,ML Sultan,male,Indian,Libraries,Support staff
B0151,South Africa,Unknown,Durban,male,White,Industry,Industry
B0152,South Africa,University of Johannesburg,Auckland Park,male,White,Humanities,Research staff
B0153,South Africa,University of the Witwatersrand,East Campus,female,Black,IT,Support staff
B0154,South Africa,Durban University of Technology,Ritson,male,Indian,Formal Sciences,Undergraduate student
B0155,South Africa,Durban University of Technology,Ritson,male,Indian,IT,Support staff
B0156,South Africa,University of Mpumalanga,Mbombela,female,Indian,Social Sciences,Faculty
B0157,South Africa,SADiLaR,Potchefstroom,male,Black,Humanities,Post-doctoral research fellow
B0158,Netherlands,SURFnet,Netherlands,Unknown,Unknown,IT,Industry
B0159,South Africa,Tertiary Education and Research Network of South Africa,Wynberg,Unknown,Unknown,IT,Support staff
B0160,South Africa,Sefako Makgatho University,Ga-Rankuwa,male,Black,Applied Sciences,Faculty
B0161,South Africa,North-West University,Potchefstroom,male,White,Social Sciences,Faculty
B0162,South Africa,SITA,Pretoria,female,Black,IT,Support staff
B0163,South Africa,Sol Plaatje University,Kimberley,Unknown,Unknown,Unknown,Unknown
B0164,South Africa,University of Venda,Thohoyandou,male,Black,Research Office,Research staff
B0165,South Africa,Sefako Makgatho University,Ga-Rankuwa,female,Black,Libraries,Support staff
B0166,South Africa,Sol Plaatje University,Kimberley,male,Coloured,Formal Sciences,Undergraduate student
B0167,South Africa,University of Zululand,KwaDlangezwa,Unknown,Black,Social Sciences,Unknown
B0168,South Africa,Walter Sisulu University,Buffalo City,Unknown,Unknown,IT,Support staff
B0169,South Africa,University of Cape Town,Upper,Unknown,Unknown,Unknown,Postgraduate student
B0170,South Africa,University of Venda,Thohoyandou,male,Black,Natural Sciences,Postgraduate student
B0171,South Africa,Durban University of Technology,Ritson,male,Indian,Formal Sciences,Faculty
B0172,South Africa,University of Venda,Thohoyandou,Unknown,Unknown,IT,Support staff
B0173,South Africa,Rhodes University,Grahamstown,Unknown,Unknown,IT,Support staff
B0174,South Africa,North-West University,Mahikeng,male,Unknown,IT,Support staff
B0175,South Africa,University of Cape Town,Upper,Unknown,Unknown,Unknown,Postgraduate student
B0176,South Africa,Rhodes University,Grahamstown,female,White,Natural Sciences,Postgraduate student
B0177,South Africa,North-West University,Potchefstroom,female,White,Natural Sciences,Faculty
B0178,South Africa,University of Cape Town,Upper,female,Unknown,Natural Sciences,Post-doctoral research fellow
B0179,South Africa,North-West University,Vaal Triangle,female,White,Teaching and Learning,Support staff
B0180,South Africa,Exegetic Analytics,Durban,Unknown,Unknown,Industry,Industry
B0181,South Africa,University of Johannesburg,Auckland Park,male,Black,IT,Support staff
B0182,South Africa,University of Johannesburg,Auckland Park,female,White,Research Office,Research staff
B0183,South Africa,Talarify,Cape Town,Undisclosed,Undisclosed,Industry,Industry
B0184,USA,The Carpentries,Davis,Unknown,Unknown,Industry,Industry
B0185,South Africa,Rhodes University,Grahamstown,male,White,Natural Sciences,Postgraduate student
B0186,South Africa,University of the Western Cape,Bellville,Unknown,Unknown,Natural Sciences,Research staff
B0187,South Africa,Sol Plaatje University,Kimberley,female,Black,Natural Sciences,Research staff
B0188,South Africa,University of the Western Cape,Bellville,Unknown,Unknown,Unknown,Unknown
B0189,South Africa,University of the Free State,Bloemfontein,male,White,IT,Support staff
B0190,South Africa,University of Limpopo,Turfloop,male,Undisclosed,Formal Sciences,Post-doctoral research fellow
B0191,South Africa,Sol Plaatje University,Kimberley,female,Black,Applied Sciences,Undergraduate student
B0192,South Africa,Walter Sisulu University,Buffalo City,male,White,Applied Sciences,Faculty
B0193,South Africa,Sol Plaatje University,Kimberley,female,Black,Formal Sciences,Undergraduate student
B0194,South Africa,Sol Plaatje University,Kimberley,female,Black,Applied Sciences,Faculty
B0195,South Africa,Tshwane University of Technology,Ga-Rankuwa,male,Black,Libraries,Support staff
B0196,South Africa,North-West University,Potchefstroom,Unknown,Unknown,IT,Support staff
B0197,South Africa,University of Venda,Thohoyandou,male,Black,Social Sciences,Postgraduate student
B0198,South Africa,University of Mpumalanga,Mbombela,female,Black,IT,Support staff
B0199,South Africa,University of Pretoria,Hatfield,male,White,Natural Sciences,Faculty
B0200,South Africa,North-West University,Mahikeng,male,Black,Natural Sciences,Postgraduate student
B0201,South Africa,University of Venda,Thohoyandou,male,Black,Social Sciences,Postgraduate student
B0202,South Africa,University of Cape Town,Upper,Unknown,Unknown,Unknown,Postgraduate student
B0203,South Africa,University of Fort Hare,Alice,male,Black,Humanities,Postgraduate student
B0204,South Africa,University of the Free State,Bloemfontein,Undisclosed,Black,Unknown,Postgraduate student
B0205,South Africa,University of Venda,Thohoyandou,male,Black,Natural Sciences,Postgraduate student
B0206,South Africa,Walter Sisulu University,Ibika,male,Black,Applied Sciences,Faculty
B0207,South Africa,North-West University,Potchefstroom,female,White,IT,Support staff
B0208,South Africa,Sefako Makgatho University,Ga-Rankuwa,female,White,Social Sciences,Faculty
B0209,South Africa,North-West University,Potchefstroom,female,White,IT,Support staff
B0210,South Africa,University of the Western Cape,Bellville,Unknown,Unknown,Unknown,Unknown
B0211,South Africa,University of the Witwatersrand,East Campus,Unknown,Unknown,Unknown,Unknown
B0212,South Africa,University of Cape Town,Upper,Unknown,Unknown,Unknown,Postgraduate student
B0213,South Africa,University of Cape Town,Upper,Unknown,Unknown,Unknown,Postgraduate student
B0214,South Africa,Ixio Analytics,Cape Town,male,White,Industry,Industry
B0215,South Africa,University of Mpumalanga,Mbombela,female,Black,Applied Sciences,Support staff
B0216,South Africa,Sol Plaatje University,Kimberley,male,Coloured,Formal Sciences,Post-doctoral research fellow
B0217,South Africa,University of Cape Town,Upper,Unknown,Unknown,Unknown,Postgraduate student
B0218,South Africa,North-West University,Potchefstroom,female,Black,Natural Sciences,Unknown
B0219,South Africa,University of Venda,Thohoyandou,male,Black,Natural Sciences,Postgraduate student
B0220,South Africa,University of Cape Town,Health Sciences,male,Coloured,Teaching and Learning,Support staff
B0221,South Africa,University of Zululand,KwaDlangezwa,Unknown,Black,Social Sciences,Unknown
B0222,South Africa,Tertiary Education and Research Network of South Africa,Wynberg,Unknown,Unknown,IT,Support staff
B0223,USA,Network Startup Resource Center,USA,Unknown,Unknown,IT,Support staff
B0224,South Africa,Stellenbosch University,Stellenbosch,male,White,IT,Support staff
B0225,South Africa,University of the Free State,Bloemfontein,Unknown,Unknown,IT,Support staff
B0226,South Africa,Stellenbosch University,Stellenbosch,female,Black,Social Sciences,Postgraduate student
B0227,South Africa,Sefako Makgatho University,Ga-Rankuwa,male,White,IT,Support staff
B0228,South Africa,North-West University,Mahikeng,male,Black,Social Sciences,Support staff
B0229,South Africa,North-West University,Potchefstroom,male,White,IT,Support staff
B0230,South Africa,University of Limpopo,Turfloop,male,Black,Libraries,Support staff
B0231,South Africa,University of Zululand,KwaDlangezwa,male,White,Humanities,Support staff
B0232,South Africa,University of the Free State,Bloemfontein,female,White,Libraries,Support staff
B0233,South Africa,University of Limpopo,Turfloop,male,Black,Formal Sciences,Postgraduate student
B0234,South Africa,North-West University,Potchefstroom,female,Black,Unknown,Postgraduate student
B0235,South Africa,University of the Free State,Bloemfontein,male,White,Natural Sciences,Postgraduate student
B0236,South Africa,Stellenbosch University,Stellenbosch,male,Unknown,Libraries,Support staff
B0237,South Africa,University of Venda,Thohoyandou,female,Black,Natural Sciences,Postgraduate student
B0238,South Africa,University of Zululand,KwaDlangezwa,Unknown,Black,Social Sciences,Unknown
B0239,South Africa,Rhodes University,Grahamstown,male,Black,Natural Sciences,Postgraduate student
B0240,South Africa,North-West University,Mahikeng,male,Black,Formal Sciences,Postgraduate student
B0241,South Africa,Nelson Mandela University,South Campus,female,Black,Formal Sciences,Post-doctoral research fellow
B0242,South Africa,University of Fort Hare,Alice,male,Black,Social Sciences,Postgraduate student
B0243,South Africa,North-West University,Mahikeng,female,Black,Natural Sciences,Post-doctoral research fellow
B0244,South Africa,Sefako Makgatho University,Ga-Rankuwa,female,Black,Natural Sciences,Postgraduate student
B0245,South Africa,Sefako Makgatho University,Ga-Rankuwa,male,Black,IT,Support staff
B0246,South Africa,South African Astronomical Observatory,Observatory,male,Coloured,IT,Support staff
B0247,South Africa,University of Pretoria,Hatfield,male,White,Libraries,Support staff
B0248,South Africa,University of Venda,Thohoyandou,male,Black,Social Sciences,Postgraduate student
B0249,South Africa,Durban University of Technology,Durban,Unknown,Unknown,Unknown,Unknown
B0250,South Africa,University of Fort Hare,Alice,male,Black,Natural Sciences,Post-doctoral research fellow
B0251,South Africa,Sefako Makgatho University,Ga-Rankuwa,male,Black,Formal Sciences,Undergraduate student
B0252,South Africa,Sefako Makgatho University,Ga-Rankuwa,male,Black,Teaching and Learning,Support staff
B0253,South Africa,University of the Western Cape,Bellville,Unknown,Unknown,Unknown,Unknown
B0254,South Africa,Rhodes University,Grahamstown,male,Black,Natural Sciences,Faculty
B0255,South Africa,North-West University,Mahikeng,male,Black,Natural Sciences,Postgraduate student
B0256,South Africa,Walter Sisulu University,Buffalo City,Unknown,Unknown,IT,Support staff
B0257,South Africa,Walter Sisulu University,Buffalo City,male,White,IT,Support staff
B0258,South Africa,Tshwane University of Technology,Pretoria West,female,Black,IT,Support staff
B0259,South Africa,Wonga,Cape Town,Unknown,Unknown,Unknown,Industry
B0260,South Africa,University of the Free State,Bloemfontein,female,Undisclosed,Libraries,Support staff
B0261,South Africa,University of KwaZulu-Natal,Westville,male,Black,Formal Sciences,Postgraduate student
B0262,South Africa,Crimson Interactive,Johannesburg,female,White,Natural Sciences,Industry
B0263,South Africa,University of Fort Hare,Alice,Unknown,Unknown,Natural Sciences,Unknown
B0264,South Africa,University of Fort Hare,Alice,male,Black,Natural Sciences,Post-doctoral research fellow
B0265,South Africa,University of Cape Town,Upper,Unknown,Unknown,Unknown,Postgraduate student
B0266,Namibia,University of Namibia,Windhoek,female,Unknown,Formal Sciences,Undergraduate student
B0267,South Africa,University of Venda,Thohoyandou,male,Black,Social Sciences,Faculty
B0268,South Africa,North-West University,Potchefstroom,Unknown,Unknown,IT,Support staff
B0269,South Africa,University of Fort Hare,Alice,Unknown,Unknown,Social Sciences,Postgraduate student
B0270,South Africa,University of Cape Town,Health Sciences,male,Black,Applied Sciences,Postgraduate student
B0271,South Africa,University of Pretoria,Hatfield,Unknown,Unknown,Applied Sciences,Support staff
B0272,South Africa,EcoTopic,Durban,male,White,Industry,Industry
B0273,South Africa,University of Fort Hare,Alice,male,Black,Social Sciences,Postgraduate student
B0274,South Africa,University of Fort Hare,Alice,male,Black,Applied Sciences,Postgraduate student
B0275,South Africa,North-West University,Potchefstroom,male,Black,Libraries,Support staff
B0276,South Africa,North-West University,Potchefstroom,male,Black,Libraries,Support staff
B0277,South Africa,University of Fort Hare,Alice,Unknown,Unknown,Humanities,Postgraduate student
B0278,South Africa,University of the Western Cape,Bellville,Unknown,Unknown,Natural Sciences,Unknown
B0279,South Africa,Cape Peninsula University of Technology,District Six,male,Black,Libraries,Support staff
B0280,South Africa,Durban University of Technology,Durban,Unknown,Unknown,Libraries,Support staff
B0281,UK,Altmetric,London,Unknown,Unknown,Industry,Industry
B0282,South Africa,Cape Peninsula University of Technology,Bellville,Unknown,Unknown,IT,Support staff
B0283,South Africa,University of South Africa,Muckleneuk,female,Black,Libraries,Postgraduate student
B0284,South Africa,University of Zululand,KwaDlangezwa,female,Black,Humanities,Faculty
B0285,South Africa,SADiLaR,Potchefstroom,male,White,Humanities,Support staff
B0286,South Africa,Tshwane University of Technology,Pretoria West,female,Black,IT,Support staff
B0287,South Africa,Sefako Makgatho University,Ga-Rankuwa,male,Black,IT,Support staff
B0288,South Africa,University of KwaZulu-Natal,Howard College,male,White,Applied Sciences,Faculty
B0289,South Africa,Sol Plaatje University,Kimberley,male,Black,Formal Sciences,Undergraduate student
B0290,South Africa,Sol Plaatje University,Kimberley,male,Black,Natural Sciences,Research staff
B0291,South Africa,Mangosuthu University of Technology,Umlazi,male,Black,Natural Sciences,Research staff
B0292,South Africa,University of Johannesburg,Auckland Park,male,Indian,IT,Support staff
B0293,South Africa,Rhodes University,Grahamstown,female,White,Natural Sciences,Support staff
B0294,South Africa,University of Cape Town,Health Sciences,female,Unknown,Applied Sciences,Support staff
B0295,South Africa,University of KwaZulu-Natal,Howard College,female,Undisclosed,Applied Sciences,Post-doctoral research fellow
B0296,South Africa,University of Cape Town,Upper,female,Undisclosed,Libraries,Support staff
B0297,South Africa,University of Fort Hare,Alice,Unknown,Unknown,Natural Sciences,Unknown
B0298,South Africa,North-West University,Mahikeng,male,Black,Natural Sciences,Postgraduate student
B0299,South Africa,University of Fort Hare,East London,male,Black,Humanities,Post-doctoral research fellow
B0300,South Africa,Mangosuthu University of Technology,Umlazi,male,Black,Social Sciences,Support staff
B0301,South Africa,Sefako Makgatho University,Ga-Rankuwa,male,Black,Formal Sciences,Postgraduate student
B0302,South Africa,North-West University,Mahikeng,male,Black,Natural Sciences,Postgraduate student
B0303,South Africa,Durban University of Technology,Durban,Unknown,Unknown,Unknown,Unknown
B0304,South Africa,Durban University of Technology,Durban,Unknown,Unknown,Unknown,Unknown
B0305,South Africa,University of KwaZulu-Natal,Westville,male,Black,IT,Support staff
B0306,South Africa,University of Fort Hare,Alice,female,Black,Humanities,Postgraduate student
B0307,South Africa,North-West University,Mahikeng,female,Black,Humanities,Postgraduate student
B0308,South Africa,University of KwaZulu-Natal,Pietermaritzburg,male,Black,Social Sciences,Postgraduate student
B0309,South Africa,Stellenbosch University,Stellenbosch,Unknown,Unknown,IT,Support staff
B0310,South Africa,University of Limpopo,Turfloop,female,Black,Humanities,Post-doctoral research fellow
B0311,South Africa,Sol Plaatje University,Kimberley,male,Black,Formal Sciences,Undergraduate student
B0312,South Africa,University of Cape Town,Upper,Unknown,Unknown,Unknown,Support staff
B0313,South Africa,North-West University,Mahikeng,female,Black,Humanities,Postgraduate student
B0314,South Africa,University of the Free State,Bloemfontein,male,Black,Undisclosed,Undergraduate student
B0315,South Africa,Mangosuthu University of Technology,Umlazi,female,Black,Natural Sciences,Research staff
B0316,South Africa,University of Mpumalanga,Mbombela,male,Black,Natural Sciences,Support staff
B0317,South Africa,University of Venda,Thohoyandou,male,Black,Natural Sciences,Postgraduate student
B0318,South Africa,University of Venda,Thohoyandou,male,Black,Social Sciences,Postgraduate student
B0319,South Africa,North-West University,Potchefstroom,male,White,Humanities,Unknown
B0320,South Africa,North-West University,Vaal Triangle,male,White,Social Sciences,Post-doctoral research fellow
B0321,South Africa,Sefako Makgatho University,Ga-Rankuwa,male,Black,Libraries,Support staff
B0322,South Africa,Sol Plaatje University,Kimberley,male,Black,Applied Sciences,Undergraduate student
B0323,South Africa,Nelson Mandela University,North Campus,female,Indian,IT,Support staff
B0324,South Africa,University of Venda,Thohoyandou,male,Black,Formal Sciences,Faculty
B0325,South Africa,Walter Sisulu University,Potsdam,male,Black,Social Sciences,Post-doctoral research fellow
B0326,South Africa,National Health Laboratory Services,Sandringham,female,Black,Applied Sciences,Research staff
B0327,South Africa,University of Mpumalanga,Mbombela,male,Black,Unknown,Faculty
B0328,South Africa,North-West University,Vaal Triangle,female,White,Social Sciences,Post-doctoral research fellow
B0329,South Africa,North-West University,Potchefstroom,female,White,Natural Sciences,Postgraduate student
B0330,South Africa,University of South Africa,Muckleneuk,female,White,Libraries,Support staff
B0331,South Africa,Vaal University of Technology,Vanderbijlpark,female,Indian,Natural Sciences,Faculty
B0332,South Africa,Sefako Makgatho University,Ga-Rankuwa,male,Black,Applied Sciences,Postgraduate student
B0333,South Africa,Sol Plaatje University,Kimberley,male,Black,Natural Sciences,Undergraduate student
B0334,South Africa,University of Cape Town,Upper,male,Unknown,Unknown,Postgraduate student
B0335,South Africa,University of Mpumalanga,Mbombela,male,White,Natural Sciences,Faculty
B0336,South Africa,University of Johannesburg,Auckland Park,female,White,Research Office,Support staff
B0337,South Africa,Stellenbosch University,Stellenbosch,female,Coloured,IT,Support staff
B0338,South Africa,University of the Western Cape,Bellville,female,Coloured,Research Office,Research staff
B0339,South Africa,Digidata,Johannesburg,Unknown,Unknown,Unknown,Industry
B0340,South Africa,Biosafety South Africa,Cape Town,female,White,Natural Sciences,Industry
B0341,South Africa,University of Cape Town,Upper,Unknown,Unknown,Unknown,Postgraduate student
B0342,South Africa,University of Mpumalanga,Mbombela,female,Black,Natural Sciences,Support staff
B0343,South Africa,Walter Sisulu University,Buffalo City,female,Black,Social Sciences,Faculty
B0344,South Africa,Mangosuthu University of Technology,Umlazi,male,Black,Formal Sciences,Undergraduate student
B0345,South Africa,Tshwane University of Technology,Pretoria West,male,Black,IT,Software developer
B0346,South Africa,University of Fort Hare,Alice,Unknown,Unknown,Libraries,Support staff
B0347,South Africa,University of the Free State,Bloemfontein,female,White,Natural Sciences,Postgraduate student
B0348,South Africa,Unknown,Unknown,female,Black,Social Sciences,Unknown
B0349,South Africa,Walter Sisulu University,Buffalo City,Unknown,Unknown,Unknown,Unknown
B0350,South Africa,National Library of South Africa,Pretoria,female,Black,Libraries,Support staff
B0351,South Africa,Academy of Science of South Africa,Pretoria,female,White,Unknown,Unknown
B0352,South Africa,University of the Free State,Bloemfontein,male,Black,Teaching and Learning,Support staff
B0353,South Africa,Durban University of Technology,Durban,Unknown,Unknown,Unknown,Unknown
B0354,South Africa,University of Limpopo,Turfloop,male,Black,Libraries,Faculty
B0355,South Africa,Central University of Technology,Bloemfontein,male,Black,IT,Support staff
B0356,South Africa,University of Cape Town,Upper,Unknown,Unknown,Unknown,Postgraduate student
B0357,South Africa,Tshwane University of Technology,Ga-Rankuwa,female,Black,Teaching and Learning,Faculty
B0358,South Africa,University of Zululand,KwaDlangezwa,female,Black,Humanities,Faculty
B0359,South Africa,Mangosuthu University of Technology,Umlazi,male,Black,Formal Sciences,Undergraduate student
B0360,South Africa,Walter Sisulu University,Buffalo City,Unknown,Unknown,Libraries,Support staff
B0361,South Africa,Mangosuthu University of Technology,Umlazi,female,Black,Formal Sciences,Postgraduate student
B0362,South Africa,Tshwane University of Technology,Pretoria West,female,Black,Formal Sciences,Post-doctoral research fellow
B0363,South Africa,Centre for Proteomics and Genomics Research,Observatory,male,Unknown,Applied Sciences,Research staff
B0364,South Africa,University of the Western Cape,Bellville,Unknown,Unknown,Unknown,Unknown
B0365,South Africa,Sol Plaatje University,Kimberley,Unknown,Unknown,Unknown,Unknown
B0366,South Africa,University of Limpopo,Turfloop,male,Black,Formal Sciences,Postgraduate student
B0367,South Africa,University of Mpumalanga,Mbombela,male,Black,Natural Sciences,Postgraduate student
B0368,South Africa,University of South Africa,Muckleneuk,Unknown,Unknown,Unknown,Unknown
B0369,South Africa,University of Cape Town,Health Sciences,Unknown,White,Applied Sciences,Research staff
B0370,South Africa,University of South Africa,Muckleneuk,Unknown,Unknown,Unknown,Unknown
B0371,South Africa,North-West University,Mahikeng,female,Black,Natural Sciences,Postgraduate student
B0372,South Africa,Walter Sisulu University,Buffalo City,Unknown,Unknown,Unknown,Unknown
B0373,South Africa,North-West University,Vaal Triangle,male,Black,Libraries,Support staff
B0374,Germany,European Molecular Biology Laboratory,Heidelberg,Unknown,Unknown,Applied Sciences,Research staff
B0375,South Africa,University of Fort Hare,Alice,female,Black,Research Office,Support staff
B0376,South Africa,University of Limpopo,Turfloop,male,Black,Humanities,Support staff
B0377,Ethiopia,Education Strategy Centre,Addis Ababa,Unknown,Unknown,Humanities,Support staff
B0378,South Africa,North-West University,Potchefstroom,female,Black,Natural Sciences,Postgraduate student
B0379,South Africa,University of South Africa,Muckleneuk,female,White,Libraries,Support staff
B0380,South Africa,Sefako Makgatho University,Ga-Rankuwa,female,Black,University Administration,Support staff
B0381,South Africa,North-West University,Mahikeng,female,Undisclosed,Humanities,Postgraduate student
B0382,Netherlands,SURFnet,Netherlands,female,White,IT,Support staff
B0383,South Africa,University of KwaZulu-Natal,Westville,Unknown,Unknown,Unknown,Unknown
B0384,South Africa,North-West University,Potchefstroom,female,White,Humanities,Research staff
B0385,South Africa,Stellenbosch University,Stellenbosch,female,White,Social Sciences,Research staff
B0386,South Africa,University of the Witwatersrand,East Campus,Unknown,Unknown,Unknown,Unknown
B0387,South Africa,University of the Western Cape,Bellville,male,Undisclosed,Libraries,Support staff
B0388,South Africa,North-West University,Vaal Triangle,female,White,Research Office,Research staff
B0389,South Africa,North-West University,Potchefstroom,male,White,IT,Support staff
B0390,South Africa,University of Venda,Thohoyandou,male,Black,Formal Sciences,Postgraduate student
B0391,South Africa,Sefako Makgatho University,Ga-Rankuwa,female,Black,Applied Sciences,Faculty
B0392,South Africa,University of Fort Hare,Alice,female,Black,Humanities,Postgraduate student
B0393,South Africa,University of Zululand,KwaDlangezwa,Unknown,Black,Social Sciences,Unknown
B0394,South Africa,Sol Plaatje University,Kimberley,male,Black,Formal Sciences,Undergraduate student
B0395,South Africa,University of Zululand,KwaDlangezwa,Unknown,Black,Applied Sciences,Unknown
B0396,South Africa,University of KwaZulu-Natal,Westville,male,Black,Natural Sciences,Faculty
B0397,South Africa,North-West University,Mahikeng,male,Black,Natural Sciences,Postgraduate student
B0398,South Africa,Durban University of Technology,Ritson,male,White,Formal Sciences,Undergraduate student
B0399,South Africa,University of Cape Town,Upper,Unknown,Unknown,Unknown,Postgraduate student
B0400,South Africa,North-West University,Potchefstroom,male,White,Humanities,Postgraduate student
B0401,South Africa,University of Zululand,KwaDlangezwa,female,Black,Research Office,Research staff
B0402,South Africa,University of the Witwatersrand,West Campus,female,Black,Research Office,Support staff
B0403,South Africa,Mangosuthu University of Technology,Umlazi,male,Black,Formal Sciences,Undergraduate student
B0404,South Africa,DIRISA,Pretoria,male,Black,Formal Sciences,Postgraduate student
B0405,South Africa,University of Venda,Thohoyandou,male,Black,Social Sciences,Postgraduate student
B0406,South Africa,University of the Western Cape,Bellville,Unknown,Unknown,Unknown,Unknown
B0407,South Africa,University of Zululand,KwaDlangezwa,female,Indian,Humanities,Faculty
B0408,South Africa,University of Zululand,KwaDlangezwa,female,Black,Research Office,Research staff
B0409,South Africa,Sol Plaatje University,Kimberley,male,Indian,Formal Sciences,Undergraduate student
B0410,South Africa,Durban University of Technology,Durban,Unknown,Unknown,Unknown,Unknown
B0411,Ethiopia,Addis Ababa University,Addis Ababa,Unknown,Unknown,Formal Sciences,Faculty
B0412,South Africa,University of Zululand,KwaDlangezwa,Unknown,Black,Social Sciences,Unknown
B0413,South Africa,North-West University,Mahikeng,male,Black,Unknown,Postgraduate student
B0414,South Africa,Rhodes University,Grahamstown,female,Black,Natural Sciences,Postgraduate student
B0415,South Africa,Sol Plaatje University,Kimberley,female,Black,Applied Sciences,Undergraduate student
B0416,South Africa,Central University of Technology,Bloemfontein,Unknown,Unknown,IT,Support staff
B0417,South Africa,University of Mpumalanga,Mbombela,female,White,Natural Sciences,Faculty
B0418,South Africa,Stellenbosch University,Stellenbosch,female,White,Libraries,Support staff
B0419,South Africa,Mangosuthu University of Technology,Umlazi,female,Black,Natural Sciences,Faculty
B0420,Mexico,University of Namibia,Windhoek,female,Undisclosed,Humanities,Faculty
B0421,South Africa,University of Johannesburg,Doornfontein,male,Black,Libraries,Support staff
B0422,South Africa,Durban University of Technology,Ritson,male,Black,Formal Sciences,Postgraduate student
B0423,South Africa,Sefako Makgatho University,Ga-Rankuwa,female,Black,Libraries,Support staff
B0424,South Africa,SADiLaR,Potchefstroom,female,Black,Humanities,Research staff
B0425,South Africa,Durban University of Technology,Durban,Unknown,Unknown,Unknown,Unknown
B0426,South Africa,Tshwane University of Technology,Pretoria West,female,Black,Formal Sciences,Research staff
B0427,South Africa,Durban University of Technology,ML Sultan,female,Indian,Libraries,Post-doctoral research fellow
B0428,South Africa,University of KwaZulu-Natal,Howard College,male,Undisclosed,Applied Sciences,Faculty
B0429,South Africa,Durban University of Technology,Durban,Unknown,Unknown,Unknown,Unknown
B0430,South Africa,University of the Witwatersrand,East Campus,male,Unknown,Applied Sciences,Support staff
B0431,South Africa,University of the Witwatersrand,East Campus,male,Black,Formal Sciences,Postgraduate student
B0432,South Africa,Walter Sisulu University,Buffalo City,male,Black,Formal Sciences,Postgraduate student
B0433,South Africa,Square Kilometre Array,Pinelands,Undisclosed,Unknown,Natural Sciences,Undisclosed
B0434,South Africa,Sefako Makgatho University,Ga-Rankuwa,female,Black,Applied Sciences,Postgraduate student
B0435,South Africa,University of KwaZulu-Natal,Westville,male,Black,Natural Sciences,Faculty
B0436,South Africa,North-West University,Mahikeng,female,Black,Natural Sciences,Postgraduate student
B0437,South Africa,North-West University,Mahikeng,female,Black,Humanities,Postgraduate student
B0438,South Africa,SITA,Pretoria,female,Black,IT,Support staff
B0439,South Africa,SITA,Pretoria,male,Black,IT,Software developer
B0440,South Africa,University of Zululand,KwaDlangezwa,Unknown,Black,Social Sciences,Unknown
B0441,South Africa,University of Fort Hare,Alice,Unknown,Unknown,Formal Sciences,Postgraduate student
B0442,South Africa,University of Zululand,KwaDlangezwa,Unknown,Black,Social Sciences,Unknown
B0443,South Africa,University of Cape Town,Upper,Unknown,Unknown,Unknown,Postgraduate student
B0444,South Africa,University of Pretoria,Hatfield,male,Black,Libraries,Support staff
B0445,South Africa,Durban University of Technology,Steve Biko,male,Black,Formal Sciences,Undergraduate student
B0446,South Africa,University of Venda,Thohoyandou,female,Black,Natural Sciences,Postgraduate student
B0447,South Africa,University of Venda,Thohoyandou,male,Black,Natural Sciences,Postgraduate student
B0448,South Africa,Sol Plaatje University,Kimberley,female,Black,Social Sciences,Faculty
B0449,South Africa,Tshwane University of Technology,Pretoria West,Unknown,Unknown,Unknown,Unknown
B0450,South Africa,University of Johannesburg,Auckland Park,female,Black,Libraries,Support staff
B0451,South Africa,University of Venda,Thohoyandou,male,Black,Humanities,Postgraduate student
B0452,South Africa,Durban University of Technology,Riverside,male,Black,Libraries,Support staff
B0453,South Africa,Eiffelcorp,Cape Town,male,White,Industry,Industry
B0454,South Africa,Durban University of Technology,Durban,Unknown,Unknown,Unknown,Unknown
B0455,South Africa,University of the Western Cape,Bellville,male,Black,Social Sciences,Research staff
B0456,South Africa,University of Fort Hare,Alice,male,Black,Research Office,Research staff
B0457,South Africa,University of Zululand,KwaDlangezwa,male,Black,Social Sciences,Research staff
B0458,South Africa,Academy of Science of South Africa,Pretoria,female,White,Unknown,Unknown
B0459,South Africa,Walter Sisulu University,Buffalo City,Unknown,Unknown,Unknown,Unknown
B0460,South Africa,University of Fort Hare,East London,female,Black,Social Sciences,Postgraduate student
B0461,South Africa,University of KwaZulu-Natal,Howard College,female,Black,Applied Sciences,Postgraduate student
B0462,South Africa,Rhodes University,Grahamstown,male,Black,Applied Sciences,Postgraduate student
B0463,South Africa,University of Venda,Thohoyandou,male,Black,Natural Sciences,Faculty
B0464,South Africa,University of Venda,Thohoyandou,male,Black,Natural Sciences,Postgraduate student
B0465,South Africa,Walter Sisulu University,Buffalo City,Unknown,Unknown,IT,Support staff
B0466,South Africa,University of Fort Hare,East London,female,Black,Social Sciences,Support staff
B0467,South Africa,University of Zululand,KwaDlangezwa,Unknown,Black,Social Sciences,Unknown
B0468,South Africa,University of Fort Hare,Alice,Unknown,Unknown,Formal Sciences,Unknown
B0469,South Africa,Durban University of Technology,Ritson,female,Indian,Formal Sciences,Undergraduate student
B0470,South Africa,OER Africa,Pretoria,Unknown,Unknown,Industry,Industry
B0471,South Africa,University of Zululand,KwaDlangezwa,male,White,Humanities,Faculty
B0472,South Africa,University of Zululand,KwaDlangezwa,female,Black,Humanities,Support staff
B0473,South Africa,University of the Free State,Bloemfontein,male,Black,Libraries,Support staff
B0474,South Africa,Durban University of Technology,Ritson,male,Black,Formal Sciences,Postgraduate student
B0475,South Africa,Durban University of Technology,ML Sultan,male,Black,Libraries,Undergraduate student
B0476,South Africa,Durban University of Technology,Steve Biko,male,Black,Applied Sciences,Postgraduate student
B0477,Uganda,Research and Education Network - Uganda,Kampala,male,Black,IT,Support staff
B0478,South Africa,Tshwane University of Technology,Pretoria West,Unknown,Unknown,IT,Support staff
B0479,South Africa,North-West University,Mahikeng,male,Black,Natural Sciences,Postgraduate student
B0480,South Africa,Sefako Makgatho University,Ga-Rankuwa,female,White,Teaching and Learning,Support staff
B0481,South Africa,University of Cape Town,Upper,Unknown,Unknown,Unknown,Research staff
B0482,South Africa,Durban University of Technology,Ritson,female,Indian,Formal Sciences,Undergraduate student
B0483,South Africa,University of the Witwatersrand,East Campus,female,Undisclosed,Applied Sciences,Faculty
B0484,South Africa,Durban University of Technology,Ritson,male,Indian,Formal Sciences,Undergraduate student
B0485,South Africa,University of KwaZulu-Natal,Westville,male,black,Formal Sciences,Postgraduate student
B0486,South Africa,North-West University,Potchefstroom,female,Black,Humanities,Unknown
B0487,South Africa,University of Mpumalanga,Mbombela,female,Black,Humanities,Postgraduate student
B0488,South Africa,Durban University of Technology,Steve Biko,male,Black,Applied Sciences,Postgraduate student
B0489,South Africa,University of KwaZulu-Natal,Howard College,female,Black,Applied Sciences,Unknown
B0490,South Africa,Sefako Makgatho University,Ga-Rankuwa,male,Black,Applied Sciences,Postgraduate student
B0491,South Africa,Durban University of Technology,Ritson,female,Black,Formal Sciences,Undergraduate student
B0492,South Africa,Durban University of Technology,Ritson,female,Black,Formal Sciences,Postgraduate student
B0493,South Africa,Durban University of Technology,Riverside,female,Black,Social Sciences,Faculty
B0494,South Africa,Walter Sisulu University,Buffalo City,female,Black,Applied Sciences,Faculty
B0495,South Africa,University of Fort Hare,Alice,female,Black,Social Sciences,Post-doctoral research fellow
B0496,South Africa,Nelson Mandela University,South Campus,female,Black,Libraries,Support staff
B0497,South Africa,University of Limpopo,Turfloop,female,Black,Libraries,Support staff
B0498,South Africa,University of Fort Hare,East London,female,Black,Libraries,Support staff
B0499,South Africa,Mangosuthu University of Technology,Umlazi,female,Black,Formal Sciences,Undergraduate student
B0500,South Africa,University of Zululand,KwaDlangezwa,Unknown,Black,Social Sciences,Unknown
B0501,South Africa,University of Cape Town,Upper,Unknown,Unknown,Unknown,Postgraduate student
B0502,South Africa,University of Zululand,KwaDlangezwa,Unknown,Black,Research Office,Support staff
B0503,South Africa,Durban University of Technology,Ritson,female,Black,Formal Sciences,Undergraduate student
B0504,South Africa,Walter Sisulu University,Mthatha,female,Black,Social Sciences,Postgraduate student
B0505,South Africa,Walter Sisulu University,Buffalo City,Unknown,Unknown,Libraries,Support staff
B0506,South Africa,University of the Free State,Bloemfontein,female,Black,Libraries,Support staff
B0507,South Africa,University of Zululand,KwaDlangezwa,Unknown,Black,Social Sciences,Unknown
B0508,South Africa,University of Mpumalanga,Mbombela,female,Black,Formal Sciences,Undergraduate student
B0509,South Africa,University of Fort Hare,Alice,Unknown,Unknown,Formal Sciences,Postgraduate student
B0510,South Africa,University of Zululand,KwaDlangezwa,Unknown,Black,Social Sciences,Unknown
B0511,South Africa,University of Zululand,KwaDlangezwa,female,Black,Libraries,Support staff
B0512,South Africa,University of Zululand,KwaDlangezwa,Unknown,Black,Social Sciences,Unknown
B0513,South Africa,University of Zululand,KwaDlangezwa,Unknown,Black,Social Sciences,Unknown
B0514,South Africa,University of Zululand,KwaDlangezwa,male,Black,Natural Sciences,Faculty
B0515,South Africa,Sefako Makgatho University,Ga-Rankuwa,male,Black,IT,Support staff
B0516,South Africa,Sol Plaatje University,Kimberley,female,Black,Natural Sciences,Postgraduate student
B0517,South Africa,University of Venda,Thohoyandou,male,Black,Applied Sciences,Postgraduate student
B0518,South Africa,University of Zululand,KwaDlangezwa,male,Black,Humanities,Undergraduate student
B0519,South Africa,Unknown,Cape Town,Unknown,Unknown,Unknown,Unknown
B0520,South Africa,University of Fort Hare,Alice,female,Black,Applied Sciences,Postgraduate student
B0521,South Africa,University of Venda,Thohoyandou,male,Black,Applied Sciences,Postgraduate student
B0522,South Africa,Sefako Makgatho University,Ga-Rankuwa,female,Black,Applied Sciences,Research staff
B0523,South Africa,North-West University,Mahikeng,female,Black,Natural Sciences,Faculty
B0524,South Africa,University of KwaZulu-Natal,Westville,female,Black,Applied Sciences,Postgraduate student
B0525,South Africa,University of KwaZulu-Natal,Westville,male,Black,Formal Sciences,Postgraduate student
B0526,South Africa,University of Cape Town,Upper,Unknown,Unknown,Unknown,Research staff
B0527,South Africa,North-West University,Mahikeng,male,Black,Natural Sciences,Postgraduate student
B0528,South Africa,University of KwaZulu-Natal,Westville,female,Black,Formal Sciences,Postgraduate student
B0529,South Africa,Unknown,Unknown,female,Black,Libraries,Unknown
B0530,South Africa,University of Fort Hare,Alice,male,Black,Applied Sciences,Postgraduate student
B0531,South Africa,North-West University,Mahikeng,male,Black,Natural Sciences,Postgraduate student
B0532,South Africa,University of Limpopo,Turfloop,male,Black,IT,Support staff
B0533,South Africa,Durban University of Technology,Steve Biko,male,Black,Natural Sciences,Post-doctoral research fellow
B0534,South Africa,University of Zululand,KwaDlangezwa,male,Black,Formal Sciences,Undergraduate student
B0535,South Africa,North-West University,Potchefstroom,female,Black,Unknown,Unknown
B0536,South Africa,University of Fort Hare,Alice,female,Black,Social Sciences,Postgraduate student
B0537,South Africa,University of the Free State,Bloemfontein,male,Black,Humanities,Postgraduate student
B0538,South Africa,Durban University of Technology,Ritson,female,Unknown,Formal Sciences,Faculty
B0539,South Africa,Central University of Technology,Bloemfontein,male,Black,IT,Support staff
B0540,South Africa,Walter Sisulu University,Buffalo City,female,Black,Libraries,Support staff
B0541,South Africa,SITA,Pretoria,female,Black,Formal Sciences,Postgraduate student
B0542,South Africa,University of Cape Town,Upper,Unknown,Unknown,Unknown,Postgraduate student
B0543,Uganda,Network Startup Resource Center,Uganda,Unknown,Unknown,IT,Support staff
B0544,South Africa,Rhodes University,Grahamstown,female,Black,Applied Sciences,Postgraduate student
B0545,South Africa,University of Venda,Thohoyandou,male,Black,Natural Sciences,Postgraduate student
B0546,South Africa,University of Venda,Thohoyandou,female,Black,Natural Sciences,Postgraduate student
B0547,South Africa,North-West University,Mahikeng,male,Black,Natural Sciences,Postgraduate student
B0548,South Africa,University of Fort Hare,Alice,Unknown,Unknown,Natural Sciences,Unknown
B0549,South Africa,University of the Western Cape,Bellville,Unknown,Unknown,Applied Sciences,Support staff
B0550,South Africa,University of Mpumalanga,Mbombela,male,Black,Natural Sciences,Support staff
B0551,South Africa,University of Fort Hare,Alice,Unknown,Unknown,Libraries,Support staff
B0552,South Africa,Walter Sisulu University,Queenstown,female,Black,Libraries,Support staff
B0553,South Africa,SADiLaR,Potchefstroom,male,Black,Humanities,Research staff
B0554,South Africa,Rhodes University,Grahamstown,female,Black,Natural Sciences,Postgraduate student
B0555,South Africa,Sefako Makgatho University,Ga-Rankuwa,male,Black,Applied Sciences,Postgraduate student
B0556,South Africa,Sefako Makgatho University,Ga-Rankuwa,male,Black,University Administration,Support staff
B0557,South Africa,University of Fort Hare,Alice,Unknown,Unknown,Formal Sciences,Postgraduate student
B0558,South Africa,University of Fort Hare,Alice,male,Black,Natural Sciences,Postgraduate student
B0559,South Africa,Durban University of Technology,Ritson,female,Black,Formal Sciences,Undergraduate student
B0560,South Africa,Walter Sisulu University,Buffalo City,Unknown,Unknown,Libraries,Support staff
B0561,South Africa,Durban University of Technology,Durban,Unknown,Unknown,Unknown,Unknown
B0562,South Africa,Durban University of Technology,Durban,Unknown,Unknown,Unknown,Unknown
B0563,South Africa,North-West University,Vaal Triangle,male,Black,Formal Sciences,Postgraduate student
B0564,South Africa,Sol Plaatje University,Kimberley,male,White,IT,Support staff
B0565,South Africa,University of Venda,Thohoyandou,female,Black,Natural Sciences,Postgraduate student
B0566,South Africa,University of Fort Hare,Alice,Unknown,Unknown,Formal Sciences,Postgraduate student
B0567,South Africa,North-West University,Potchefstroom,female,White,Humanities,Unknown
B0568,South Africa,University of Cape Town,Upper,Unknown,Unknown,Unknown,Postgraduate student
B0569,South Africa,University of Johannesburg,Auckland Park,Unknown,Unknown,Unknown,Unknown
B0570,South Africa,University of Fort Hare,Alice,Unknown,Unknown,Libraries,Support staff
B0571,South Africa,University of Fort Hare,Alice,Unknown,Unknown,Libraries,Support staff
B0572,South Africa,Mangosuthu University of Technology,Umlazi,male,Black,Formal Sciences,Undergraduate student
B0573,South Africa,University of the Western Cape,Bellville,Unknown,Unknown,Unknown,Unknown
B0574,South Africa,University of Fort Hare,Alice,Unknown,Unknown,Natural Sciences,Unknown
B0575,South Africa,North-West University,Mahikeng,male,Indian,Social Sciences,Faculty
B0576,South Africa,University of Mpumalanga,Mbombela,male,Black,University Administration,Support staff
B0577,South Africa,University of the Free State,Bloemfontein,Unknown,Unknown,IT,Support staff
B0578,South Africa,University of KwaZulu-Natal,Westville,female,Indian,Formal Sciences,Undergraduate student
B0579,South Africa,Sol Plaatje University,Kimberley,female,Black,Formal Sciences,Undergraduate student
B0580,South Africa,North-West University,Potchefstroom,male,White,Applied Sciences,Faculty
B0581,South Africa,North-West University,Mahikeng,female,Black,Natural Sciences,Post-doctoral research fellow
B0582,South Africa,Unknown,Cape Town,Unknown,Unknown,Unknown,Unknown
B0583,South Africa,University of the Western Cape,Bellville,male,Coloured,Libraries,Support staff
B0584,South Africa,Durban University of Technology,Durban,Unknown,Unknown,Unknown,Unknown
B0585,South Africa,University of Cape Town,Lower,Unknown,Unknown,IT,Support staff
B0586,South Africa,University of the Western Cape,Bellville,male,White,Natural Sciences,Post-doctoral research fellow
B0587,South Africa,Durban University of Technology,Ritson,female,White,Formal Sciences,Faculty
B0588,South Africa,University of KwaZulu-Natal,Westville,male,Black,Formal Sciences,Unknown
B0589,South Africa,North-West University,Potchefstroom,female,Black,Humanities,Research staff
B0590,South Africa,SADiLaR,Potchefstroom,female,Black,Humanities,Research staff
B0591,South Africa,North-West University,Mahikeng,male,Black,Natural Sciences,Postgraduate student
B0592,South Africa,University of Pretoria,Hatfield,female,Black,Libraries,Support staff
B0593,South Africa,SANReN,Pretoria,male,Black,IT,Support staff
B0594,South Africa,University of Mpumalanga,Mbombela,male,Black,Natural Sciences,Faculty
B0595,South Africa,University of the Western Cape,Bellville,Unknown,Unknown,Unknown,Unknown
B0596,South Africa,University of Cape Town,Health Sciences,female,Undisclosed,Applied Sciences,Postgraduate student
B0597,South Africa,Durban University of Technology,Durban,Unknown,Unknown,Unknown,Unknown
B0598,South Africa,Tshwane University of Technology,Pretoria West,male,Black,Unknown,Support staff
B0599,South Africa,Stellenbosch University,Stellenbosch,Undisclosed,Undisclosed,Libraries,Support staff
B0600,South Africa,University of Johannesburg,Soweto,male,Black,IT,Support staff
B0601,South Africa,University of KwaZulu-Natal,Medical School,male,Black,Applied Sciences,Postgraduate student
B0602,South Africa,Aros,Pretoria,female,White,Social Sciences,Faculty
B0603,South Africa,Durban University of Technology,ML Sultan,female,Indian,Social Sciences,Support staff
B0604,USA,Brown University,USA,female,Undisclosed,Formal Sciences,Post-doctoral research fellow
B0605,South Africa,University of the Western Cape,Bellville,Unknown,Unknown,Unknown,Unknown
B0606,South Africa,Durban University of Technology,ML Sultan,female,Indian,Libraries,Support staff
B0607,South Africa,Sefako Makgatho University,Ga-Rankuwa,female,Black,Libraries,Support staff
B0608,South Africa,Praekelt Foundation,Cape Town,male,Black,Industry,Software developer
B0609,South Africa,Mangosuthu University of Technology,Umlazi,female,Black,Formal Sciences,Postgraduate student
B0610,South Africa,Rhodes University,Grahamstown,male,White,IT,Support staff
B0611,South Africa,University of Pretoria,Hatfield,male,White,Libraries,Support staff
B0612,South Africa,University of the Western Cape,Bellville,male,White,IT,Support staff
B0613,South Africa,University of Venda,Thohoyandou,female,Black,Social Sciences,Postgraduate student
B0614,South Africa,Durban University of Technology,ML Sultan,male,Black,IT,Support staff
B0615,South Africa,University of the Witwatersrand,West Campus,male,Black,Formal Sciences,Support staff
B0616,Estonia,The Carpentries,Estonia,Unknown,Unknown,Industry,Industry
B0617,South Africa,University of Fort Hare,Alice,Unknown,Unknown,Natural Sciences,Postgraduate student
B0618,South Africa,University of the Western Cape,Bellville,Unknown,Unknown,Unknown,Unknown
B0619,South Africa,Nelson Mandela University,North Campus,male,White,IT,Support staff
B0620,South Africa,University of the Witwatersrand,East Campus,female,Coloured,IT,Support staff
B0621,South Africa,Durban University of Technology,Durban,Unknown,Unknown,Unknown,Unknown
B0622,South Africa,SITA,Pretoria,female,Black,IT,Software developer
B0623,South Africa,University of Venda,Thohoyandou,female,Black,Applied Sciences,Postgraduate student
B0624,South Africa,Durban University of Technology,Ritson,female,Indian,Formal Sciences,Undergraduate student
B0625,South Africa,University of the Witwatersrand,East Campus,male,Indian,Formal Sciences,Support staff
B0626,South Africa,University of Zululand,KwaDlangezwa,male,Black,Social Sciences,Faculty
B0627,South Africa,North-West University,Mahikeng,female,Black,Applied Sciences,Postgraduate student
B0628,South Africa,Walter Sisulu University,Buffalo City,Unknown,Unknown,IT,Support staff
B0629,South Africa,University of Fort Hare,Alice,Unknown,Unknown,Formal Sciences,Postgraduate student
B0630,South Africa,Durban University of Technology,ML Sultan,male,Black,Humanities,Postgraduate student
B0631,South Africa,Walter Sisulu University,Mthatha,male,Black,Libraries,Support staff
B0632,South Africa,University of South Africa,Muckleneuk,male,Black,Formal Sciences,Postgraduate student
B0633,South Africa,North-West University,Potchefstroom,female,Black,Humanities,Faculty
B0634,South Africa,North-West University,Potchefstroom,male,Black,Natural Sciences,Post-doctoral research fellow
B0635,South Africa,Durban University of Technology,Durban,Unknown,Unknown,Unknown,Unknown
B0636,South Africa,Durban University of Technology,Ritson,male,Black,Formal Sciences,Undergraduate student
B0637,Zambia,University of Zambia,Zambia,Unknown,Unknown,Unknown,Unknown
B0638,South Africa,Sol Plaatje University,Kimberley,female,Black,Formal Sciences,Undergraduate student
B0639,South Africa,Sol Plaatje University,Kimberley,male,Black,Formal Sciences,Undergraduate student
B0640,South Africa,University of Fort Hare,Alice,Unknown,Unknown,Research Office,Support staff
B0641,South Africa,Durban University of Technology,Durban,female,Black,Formal Sciences,Postgraduate student
B0642,South Africa,University of Zululand,KwaDlangezwa,Unknown,Black,Social Sciences,Unknown
B0643,South Africa,University of Fort Hare,East London,female,Black,Social Sciences,Post-doctoral research fellow
B0644,South Africa,University of Fort Hare,East London,male,Black,Social Sciences,Postgraduate student
B0645,South Africa,Sol Plaatje University,Kimberley,male,Black,Formal Sciences,Undergraduate student
B0646,South Africa,University of Fort Hare,East London,female,Black,Humanities,Postgraduate student
B0647,South Africa,University of Fort Hare,Alice,Unknown,Unknown,Libraries,Support staff
B0648,South Africa,University of Mpumalanga,Mbombela,male,Black,Natural Sciences,Faculty
B0649,South Africa,University of Cape Town,Upper,Unknown,Unknown,Unknown,Unknown
B0650,South Africa,Durban University of Technology,Durban,female,Black,Formal Sciences,Undergraduate student
B0651,South Africa,University of Venda,Thohoyandou,male,Black,Formal Sciences,Undergraduate student
B0652,South Africa,Unknown,Unknown,Unknown,Unknown,Unknown,Unknown
B0653,South Africa,University of KwaZulu-Natal,Westville,male,Black,Natural Sciences,Post-doctoral research fellow
B0654,South Africa,University of South Africa,Muckleneuk,female,Black,Libraries,Support staff
B0655,South Africa,University of South Africa,Muckleneuk,Unknown,Unknown,Unknown,Unknown
B0656,South Africa,Durban University of Technology,Ritson,male,Black,Applied Sciences,Postgraduate student
B0657,UK,British Ornithologist's Union,UK,Unknown,Unknown,Natural Sciences,Industry
B0658,South Africa,Durban University of Technology,Durban,male,Black,Social Sciences,Postgraduate student
B0659,South Africa,University of Cape Town,Health Sciences,male,Indian,Applied Sciences,Support staff
B0660,South Africa,University of the Western Cape,Bellville,Unknown,Unknown,Unknown,Unknown
B0661,South Africa,Walter Sisulu University,Buffalo City,female,White,Libraries,Support staff
B0662,South Africa,University of Venda,Thohoyandou,female,Black,Social Sciences,Postgraduate student
B0663,South Africa,Durban University of Technology,Durban,Unknown,Unknown,Unknown,Unknown
B0664,South Africa,Durban University of Technology,Ritson,male,Indian,Formal Sciences,Postgraduate student
B0665,South Africa,University of Fort Hare,Alice,Unknown,Unknown,Libraries,Support staff
B0666,South Africa,Sol Plaatje University,Kimberley,male,Black,Formal Sciences,Undergraduate student
B0667,South Africa,University of Venda,Thohoyandou,Unknown,Unknown,Unknown,Unknown
B0668,South Africa,University of KwaZulu-Natal,Howard College,male,Black,Applied Sciences,Postgraduate student
B0669,South Africa,North-West University,Mahikeng,male,Black,Natural Sciences,Postgraduate student
B0670,South Africa,Durban University of Technology,Durban,female,Black,Humanities,Postgraduate student
B0671,South Africa,University of KwaZulu-Natal,Westville,female,Black,Natural Sciences,Postgraduate student
B0672,South Africa,University of Venda,Thohoyandou,female,Black,Natural Sciences,Postgraduate student
B0673,South Africa,University of Venda,Thohoyandou,female,Black,Natural Sciences,Postgraduate student
B0674,South Africa,University of Venda,Thohoyandou,male,Black,Natural Sciences,Postgraduate student
B0675,South Africa,Mangosuthu University of Technology,Umlazi,male,Black,Natural Sciences,Research staff
B0676,South Africa,North-West University,Mahikeng,male,Black,Natural Sciences,Research staff
B0677,South Africa,University of Mpumalanga,Mbombela,female,Black,Formal Sciences,Postgraduate student
B0678,South Africa,North-West University,Mahikeng,male,Black,Natural Sciences,Postgraduate student
B0679,South Africa,University of Fort Hare,Alice,male,Black,Natural Sciences,Postgraduate student
B0680,South Africa,Durban University of Technology,Steve Biko,male,Black,Applied Sciences,Faculty
B0681,South Africa,University of the Free State,Bloemfontein,Unknown,Unknown,Unknown,Unknown
B0682,South Africa,Sol Plaatje University,Kimberley,male,Black,Applied Sciences,Undergraduate student
B0683,South Africa,Durban University of Technology,Ritson,male,Indian,Formal Sciences,Faculty
B0684,South Africa,Durban University of Technology,Ritson,female,Black,Formal Sciences,Postgraduate student
B0685,South Africa,University of Mpumalanga,Mbombela,female,Black,Natural Sciences,Support staff
B0686,South Africa,University of Johannesburg,Auckland Park,female,Black,IT,Support staff
B0687,South Africa,Durban University of Technology,Durban,female,Black,Formal Sciences,Undergraduate student
B0688,South Africa,University of Fort Hare,Alice,Unknown,Unknown,Libraries,Support staff
B0689,South Africa,University of the Witwatersrand,East Campus,male,Black,IT,Support staff
B0690,South Africa,University of KwaZulu-Natal,Howard College,female,Black,Applied Sciences,Postgraduate student
B0691,South Africa,Mangosuthu University of Technology,Umlazi,male,Coloured,Applied Sciences,Research staff
B0692,South Africa,Digidata,Johannesburg,Unknown,Unknown,Unknown,Industry
B0693,South Africa,Durban University of Technology,Durban,male,Black,Formal Sciences,Postgraduate student
B0694,South Africa,University of Fort Hare,Alice,male,Black,Libraries,Support staff
B0695,South Africa,University of Zululand,KwaDlangezwa,Unknown,Black,Social Sciences,Unknown
B0696,South Africa,Walter Sisulu University,Buffalo City,female,Black,Applied Sciences,Postgraduate student
B0697,South Africa,University of Zululand,KwaDlangezwa,male,Black,Social Sciences,Faculty
B0698,South Africa,Central University of Technology,Bloemfontein,Unknown,Unknown,IT,Support staff
B0699,South Africa,SANReN,Pretoria,male,Black,IT,Support staff
B0700,South Africa,Stellenbosch University,Stellenbosch,male,White,IT,Support staff
B0701,South Africa,Sefako Makgatho University,Ga-Rankuwa,female,Black,Formal Sciences,Undergraduate student
B0702,South Africa,North-West University,Potchefstroom,Unknown,Unknown,Unknown,Unknown
B0703,South Africa,Stellenbosch University,Stellenbosch,Unknown,Unknown,Unknown,Unknown
B0704,South Africa,Walter Sisulu University,Buffalo City,male,Black,Social Sciences,Faculty
B0705,South Africa,Sol Plaatje University,Kimberley,male,Black,Formal Sciences,Undergraduate student
B0706,South Africa,Sol Plaatje University,Kimberley,male,Black,Formal Sciences,Undergraduate student
B0707,South Africa,University of Pretoria,Hatfield,male,Black,Libraries,Support staff
B0708,South Africa,University of Fort Hare,Alice,Unknown,Unknown,Natural Sciences,Postgraduate student
B0709,South Africa,Saide,Johannesburg,Unknown,Unknown,Industry,Industry
B0710,South Africa,University of the Western Cape,Bellville,Unknown,Unknown,Unknown,Unknown
B0711,South Africa,Rhodes University,Grahamstown,female,White,IT,Support staff
B0712,South Africa,Durban University of Technology,Ritson,male,Indian,Formal Sciences,Undergraduate student
B0713,South Africa,University of Mpumalanga,Mbombela,male,Black,Teaching and Learning,Support staff
B0714,South Africa,SITA,Pretoria,female,Black,IT,Support staff
B0715,South Africa,University of Venda,Thohoyandou,female,Black,Natural Sciences,Postgraduate student
B0716,South Africa,North-West University,Mahikeng,female,Black,Natural Sciences,Postgraduate student
B0717,South Africa,University of Mpumalanga,Mbombela,Undisclosed,Black,Unknown,Support staff
B0718,South Africa,Sefako Makgatho University,Ga-Rankuwa,female,Black,Applied Sciences,Postgraduate student
B0719,South Africa,University of the Western Cape,Bellville,Unknown,Unknown,Unknown,Unknown
B0720,South Africa,Sol Plaatje University,Kimberley,male,Black,Formal Sciences,Faculty
B0721,South Africa,North-West University,Mahikeng,female,Black,Natural Sciences,Postgraduate student
B0722,South Africa,University of Cape Town,Upper,Unknown,Unknown,Unknown,Research staff
B0723,South Africa,University of KwaZulu-Natal,Medical School,male,Unknown,Formal Sciences,Postgraduate student
B0724,South Africa,Cape Peninsula University of Technology,Bellville,female,Black,Libraries,Support staff
B0725,South Africa,Mangosuthu University of Technology,Umlazi,female,Indian,Natural Sciences,Faculty
B0726,South Africa,North-West University,Potchefstroom,male,White,IT,Support staff
B0727,South Africa,Rhodes University,Grahamstown,female,White,Natural Sciences,Post-doctoral research fellow
B0728,South Africa,University of Zululand,KwaDlangezwa,male,Undisclosed,Humanities,Faculty
B0729,South Africa,University of Cape Town,Upper,Unknown,Unknown,Unknown,Postgraduate student
B0730,South Africa,University of Zululand,KwaDlangezwa,Unknown,Black,Social Sciences,Unknown
B0731,South Africa,Durban University of Technology,Durban,Unknown,Unknown,Unknown,Unknown
B0732,South Africa,Sol Plaatje University,Kimberley,male,Black,Formal Sciences,Undergraduate student
B0733,South Africa,Durban University of Technology,Ritson,male,Indian,Formal Sciences,Undergraduate student
B0734,South Africa,University of Cape Town,Lower,male,White,IT,Support staff
B0735,South Africa,University of Fort Hare,East London,male,Indian,IT,Support staff
B0736,South Africa,Tertiary Education and Research Network of South Africa,Wynberg,Undisclosed,Unknown,Industry,Support staff
B0737,South Africa,Tertiary Education and Research Network of South Africa,Wynberg,Unknown,Unknown,IT,Support staff
B0738,South Africa,Stellenbosch University,Stellenbosch,male,White,IT,Support staff
B0739,South Africa,University of Mpumalanga,Mbombela,female,Black,Natural Sciences,Faculty
B0740,South Africa,University of the Free State,Bloemfontein,male,White,Natural Sciences,Postgraduate student
B0741,South Africa,Durban University of Technology,Steve Biko,male,White,IT,Support staff
B0742,South Africa,University of Fort Hare,Alice,Unknown,Unknown,Formal Sciences,Postgraduate student
B0743,South Africa,University of Venda,Thohoyandou,male,Black,Teaching and Learning,Support staff
B0744,South Africa,Mangosuthu University of Technology,Umlazi,male,Coloured,Formal Sciences,Undergraduate student
B0745,South Africa,Sabinet,Centurion,male,White,IT,Software developer
B0746,South Africa,University of Mpumalanga,Mbombela,male,Black,Research Office,Software developer
B0747,South Africa,Nelson Mandela University,Missionvale,male,Black,Formal Sciences,Post-doctoral research fellow
B0748,South Africa,University of Fort Hare,Alice,male,Black,Libraries,Undergraduate student
B0749,South Africa,Sol Plaatje University,Kimberley,male,Black,Formal Sciences,Undergraduate student
B0750,South Africa,Sefako Makgatho University,Ga-Rankuwa,female,Black,Natural Sciences,Postgraduate student
B0751,South Africa,University of the Western Cape,Bellville,Unknown,Unknown,Unknown,Postgraduate student
B0752,South Africa,University of Fort Hare,Alice,Unknown,Unknown,Formal Sciences,Postgraduate student
B0753,South Africa,University of KwaZulu-Natal,Howard College,male,Black,Applied Sciences,Support staff
B0754,South Africa,University of Zululand,KwaDlangezwa,female,Undisclosed,Teaching and Learning,Support staff
B0755,South Africa,Durban University of Technology,ML Sultan,female,Black,Social Sciences,Postgraduate student
B0756,South Africa,University of Mpumalanga,Mbombela,male,Black,Humanities,Faculty
B0757,South Africa,North-West University,Mahikeng,male,Black,Applied Sciences,Post-doctoral research fellow
B0758,Mauritius,University of Mauritius,Mauritius,male,Unknown,Formal Sciences,Unknown
B0759,Ethiopia,Addis Ababa Institute of Technology,Addis Ababa,male,Unknown,Formal Sciences,Faculty
B0760,South Africa,North-West University,Vaal Triangle,female,White,Libraries,Research staff
B0761,South Africa,University of the Witwatersrand,East Campus,female,White,Natural Sciences,Postgraduate student
B0762,South Africa,North-West University,Potchefstroom,male,White,IT,Support staff
B0763,South Africa,Durban University of Technology,Durban,Unknown,Unknown,Unknown,Unknown
B0764,South Africa,University of Fort Hare,Alice,Unknown,Unknown,Formal Sciences,Faculty
B0765,South Africa,Tertiary Education and Research Network of South Africa,Wynberg,Unknown,Unknown,IT,Support staff
B0766,South Africa,Mangosuthu University of Technology,Umlazi,female,Black,Natural Sciences,Faculty
B0767,South Africa,North-West University,Potchefstroom,female,Black,Libraries,Support staff
B0768,South Africa,University of Zululand,KwaDlangezwa,Unknown,Black,Social Sciences,Unknown
B0769,South Africa,University of the Western Cape,Bellville,male,Black,Applied Sciences,Support staff
B0770,South Africa,University of Cape Town,Health Sciences,male,Indian,Applied Sciences,Support staff
B0771,South Africa,Walter Sisulu University,Chiselhurst,male,Black,IT,Support staff
B0772,South Africa,University of Fort Hare,East London,male,Black,Research Office,Support staff
B0773,South Africa,University of Zululand,KwaDlangezwa,Unknown,Black,Social Sciences,Unknown
B0774,South Africa,University of Fort Hare,Alice,female,Black,Libraries,Support staff
B0775,South Africa,University of the Free State,Qwa-Qwa,female,Black,Libraries,Support staff
